﻿pos_x,pos_y,rotation,side,designator,mpn,pack,footprint,value,mount_type
22.49,-14.72,0.0,top,J1,,,PinHeader_1x15_P2.54mm_Vertical,Conn_01x15_Pin,tht
71.202619,-42.185,180.0,top,J10,,,PinSocket_1x12_P2.54mm_Vertical,register_out,tht
7.25,-14.72,0.0,top,J2,,,PinHeader_1x15_P2.54mm_Vertical,Conn_01x15_Pin,tht
39.8,-6.6,180.0,top,J3,,,"TerminalBlock_Phoenix_PT-1,5-2-5.0-H_1x02_P5.00mm_Horizontal",power,tht
26.15,-19.5,0.0,top,J4,,,PinSocket_1x04_P2.54mm_Vertical,LEDS_vcc,tht
29.71,-19.5,0.0,top,J5,,,PinSocket_1x04_P2.54mm_Vertical,LEDS_gnd,tht
26.175,-32.125,0.0,top,J6,,,PinSocket_1x04_P2.54mm_Vertical,Buttons_digital,tht
29.75,-32.125,0.0,top,J7,,,PinSocket_1x04_P2.54mm_Vertical,BUTTONS_gnd,tht
3.55,-28.18,0.0,top,J8,,,PinSocket_1x04_P2.54mm_Vertical,oled,tht
3.65,-42.6,0.0,top,J9,,,PinSocket_1x02_P2.54mm_Vertical,TTLin,tht
44.72,-3.56,-90.0,top,R1,,,R_1206_3216Metric_Pad1.30x1.75mm_HandSolder,10k,smt
49.32,-3.56,-90.0,top,R2,,,R_1206_3216Metric_Pad1.30x1.75mm_HandSolder,10k,smt
47.02,-3.56,-90.0,top,R3,,,R_1206_3216Metric_Pad1.30x1.75mm_HandSolder,10k,smt
53.6,-47.81,0.0,top,RV1,,,Potentiometer_Vishay_T73XW_Horizontal,potentiometer_3362P,tht
48.2,-47.89,0.0,top,RV2,,,Potentiometer_Vishay_T73XW_Horizontal,potentiometer_3362P,tht
53.6,-45.59,180.0,top,RV3,,,Potentiometer_Vishay_T73XW_Horizontal,potentiometer_3362P,tht
48.2,-45.59,180.0,top,RV4,,,Potentiometer_Vishay_T73XW_Horizontal,potentiometer_3362P,tht
35.72,-23.29,180.0,top,U1,,,D16-M,SN74HC595_N_16,smt
35.76,-34.49,180.0,top,U2,,,D16-M,SN74HC595_N_16,smt
62.8,-45.3,-90.0,top,U3,,,D14-M,LM324N,smt
53.5,-30.73,-90.0,top,U4,,,SOIC20,74HC540D,smt
60.42,-16.99,-90.0,top,U5,,,SOT108-1_NEX-M,74HC08D_652,smt
50.47,-17.0,-90.0,top,U6,,,SOT108-1_NEX-M,74HC08D_652,smt
