﻿Designator,Quantity,Value,Footprint,Package,MPN,Mount_Type
"J1, J2",2,Conn_01x15_Pin,PinHeader_1x15_P2.54mm_Vertical,,,tht
J10,1,register_out,PinSocket_1x12_P2.54mm_Vertical,,,tht
J3,1,power,"TerminalBlock_Phoenix_PT-1,5-2-5.0-H_1x02_P5.00mm_Horizontal",,,tht
J4,1,LEDS_vcc,PinSocket_1x04_P2.54mm_Vertical,,,tht
J5,1,LEDS_gnd,PinSocket_1x04_P2.54mm_Vertical,,,tht
J6,1,Buttons_digital,PinSocket_1x04_P2.54mm_Vertical,,,tht
J7,1,BUTTONS_gnd,PinSocket_1x04_P2.54mm_Vertical,,,tht
J8,1,oled,PinSocket_1x04_P2.54mm_Vertical,,,tht
J9,1,TTLin,PinSocket_1x02_P2.54mm_Vertical,,,tht
"R1, R2, R3",3,10k,R_1206_3216Metric_Pad1.30x1.75mm_HandSolder,,,smt
"RV1, RV2, RV3, RV4",4,potentiometer_3362P,Potentiometer_Vishay_T73XW_Horizontal,,,tht
"U1, U2",2,SN74HC595_N_16,D16-M,,,smt
U3,1,LM324N,D14-M,,,smt
U4,1,74HC540D,SOIC20,,,smt
"U5, U6",2,74HC08D_652,SOT108-1_NEX-M,,,smt
